{"cameraMode":{"drawMode":0,"name":"Shaded","section":"Shading Mode"},"sceneLighting":true,"audioPlay":false,"sceneViewState":{"showFog":true,"showMaterialUpdate":false,"showSkybox":true,"showFlares":true,"showImageEffects":true,"showParticleSystems":true},"in2DMode":false,"pivot":{"x":358.397216796875,"y":314.0509033203125,"z":-205.57080078125},"rotation":{"x":-0.14959664642810822,"y":-0.04388788715004921,"z":0.006646858528256416,"w":-0.9877505302429199},"size":368.8233947753906,"orthographic":false}